timestamp,value
2026-04-23T19:29:13.141203+00:00,7
2026-04-23T19:29:33.121680+00:00,7
2026-04-23T19:29:44.980116+00:00,25893
2026-04-24T17:37:41.347174+00:00,8
2026-04-24T17:41:46.548295+00:00,4
2026-04-24T17:42:42.645122+00:00,7
2026-04-24T17:47:07.866992+00:00,19999
2026-04-24T17:52:27.107726+00:00,27983
2026-04-24T17:52:29.739230+00:00,1477
2026-04-24T17:52:32.372660+00:00,192
2026-04-24T17:52:34.957186+00:00,5899
2026-04-24T17:52:37.604224+00:00,5899
2026-04-24T17:52:40.171077+00:00,5899
2026-04-24T17:52:42.726746+00:00,5899
2026-04-24T17:52:45.359304+00:00,5899
2026-04-24T18:00:13.664082+00:00,88
2026-04-24T18:00:16.800500+00:00,80
2026-04-24T18:00:19.841343+00:00,141
2026-04-24T18:00:22.908441+00:00,2299
2026-04-24T18:00:26.030297+00:00,3399
2026-04-24T18:00:29.128859+00:00,5000
2026-04-24T18:00:32.257766+00:00,615
2026-04-24T18:00:35.335381+00:00,999
2026-04-24T18:00:38.407139+00:00,45883
2026-04-24T18:00:44.683916+00:00,141089
2026-04-24T18:00:47.809926+00:00,304985
2026-04-24T18:06:21.098661+00:00,329998
2026-04-24T18:06:24.284623+00:00,549999
2026-04-24T18:06:36.761762+00:00,3400
2026-04-24T18:06:39.844841+00:00,12000
2026-04-24T18:06:42.976893+00:00,29979
2026-04-24T18:06:46.096999+00:00,55550
2026-04-24T18:06:49.157326+00:00,340000
2026-04-24T18:06:52.285026+00:00,45883
2026-04-24T18:06:55.425844+00:00,42173
2026-04-24T18:06:58.545662+00:00,54994
2026-04-24T18:07:01.688993+00:00,114998
2026-04-24T18:07:07.868190+00:00,119995
2026-04-24T18:07:10.956369+00:00,117998
2026-04-24T18:07:14.119332+00:00,109994
2026-04-24T18:07:28.370516+00:00,183327
2026-04-24T18:07:34.603391+00:00,269993
2026-04-24T18:07:43.914424+00:00,219999
2026-04-24T18:07:46.985015+00:00,279988
2026-04-24T18:07:50.029057+00:00,801218
2026-04-24T18:08:14.823634+00:00,100
2026-04-24T18:08:21.117390+00:00,26999
2026-04-24T18:08:24.154620+00:00,26999
2026-04-24T18:11:02.957177+00:00,3997
2026-04-24T18:11:06.048248+00:00,11968
2026-04-24T18:11:09.197998+00:00,20643
2026-04-24T18:11:12.236136+00:00,80000
2026-04-24T18:11:15.310844+00:00,199999
2026-04-24T18:11:18.438236+00:00,199999
2026-04-24T18:11:21.592020+00:00,15974
2026-04-24T18:13:27.693337+00:00,3997
2026-04-24T18:13:30.828818+00:00,11968
2026-04-24T18:13:33.988296+00:00,20643
2026-04-24T18:13:37.072106+00:00,80000
2026-04-24T18:13:40.159368+00:00,80000
2026-04-24T18:21:08.092075+00:00,6296
2026-04-24T18:21:11.186852+00:00,7495
2026-04-24T18:21:14.272685+00:00,44971
2026-04-24T18:21:17.434641+00:00,350000
2026-04-24T18:21:23.563969+00:00,12996
2026-04-24T18:21:26.768188+00:00,29982
2026-04-24T18:21:29.985277+00:00,116982
2026-04-24T18:21:39.285343+00:00,34960
2026-04-24T18:21:42.370628+00:00,85488
2026-04-24T18:21:45.541782+00:00,489999
2026-04-24T18:21:48.610345+00:00,1800000
2026-04-24T18:21:54.830461+00:00,98998
2026-04-24T18:21:57.969398+00:00,398999
2026-04-24T18:22:01.124173+00:00,1899988
2026-04-24T18:22:04.181002+00:00,7200000
2026-04-24T18:22:15.447965+00:00,499996
2026-04-24T18:22:18.527778+00:00,999999
2026-04-24T18:22:21.632586+00:00,5989999
2026-04-24T18:22:30.885313+00:00,319999
2026-04-24T18:22:37.021155+00:00,339980
2026-04-24T18:22:40.163236+00:00,375930
2026-04-24T18:22:49.566033+00:00,500000
2026-04-24T18:22:52.715364+00:00,558900
2026-04-24T18:22:55.900222+00:00,1099989
2026-04-24T18:22:58.929049+00:00,2999854
2026-04-24T18:23:31.869288+00:00,6666666
2026-04-24T18:23:53.625329+00:00,284986
2026-04-24T18:23:56.800161+00:00,255555
2026-04-24T18:23:59.967398+00:00,260000
2026-04-24T18:24:03.049930+00:00,499971
2026-04-24T18:24:09.322070+00:00,600000
2026-04-24T18:24:12.464299+00:00,576665
2026-04-24T18:24:15.627727+00:00,1500000
2026-04-24T18:24:39.254518+00:00,3299976
2026-04-24T18:24:45.434434+00:00,2500000
2026-04-24T18:25:16.724813+00:00,999996
2026-04-24T18:25:19.799585+00:00,999999
2026-04-24T18:25:22.894450+00:00,499999
2026-04-24T18:25:25.940603+00:00,399996
2026-04-24T18:25:29.016586+00:00,1488875
2026-04-24T18:25:40.296459+00:00,750000
2026-04-24T18:25:43.406098+00:00,799995
2026-04-24T18:25:46.457473+00:00,1200000
2026-04-24T18:25:52.594507+00:00,2299999
2026-04-24T18:26:44.317830+00:00,11099
2026-04-24T18:26:47.417423+00:00,27995
2026-04-24T18:26:50.551226+00:00,109891
2026-04-24T18:26:53.699991+00:00,250000
2026-04-24T18:27:02.994797+00:00,97988
2026-04-24T18:27:06.151405+00:00,241982
2026-04-24T18:27:15.448881+00:00,118979
2026-04-24T18:27:18.538785+00:00,229999
2026-04-24T18:27:21.644214+00:00,807998
2026-04-24T18:27:24.788719+00:00,2244412
2026-04-24T18:27:31.033072+00:00,249998
2026-04-24T18:27:37.221217+00:00,2389990
2026-04-24T18:27:51.476411+00:00,889998
2026-04-24T18:27:54.561382+00:00,2499999
2026-04-24T18:28:00.863462+00:00,17654444
2026-04-24T18:28:07.086384+00:00,6987
2026-04-24T18:28:10.224904+00:00,9982
2026-04-24T18:28:13.328019+00:00,42978
2026-04-24T18:28:16.426056+00:00,219997
2026-04-24T18:28:19.506088+00:00,955555
2026-04-24T18:28:22.655336+00:00,14943
2026-04-24T18:28:25.742984+00:00,32998
2026-04-24T18:28:28.845119+00:00,152000
2026-04-24T18:28:38.133514+00:00,39996
2026-04-24T18:28:41.277340+00:00,118985
2026-04-24T18:28:44.440103+00:00,490887
2026-04-24T18:28:58.760307+00:00,134997
2026-04-24T18:29:01.854947+00:00,496666
2026-04-24T18:29:04.986173+00:00,1566666
2026-04-24T18:29:14.320905+00:00,549895
2026-04-24T18:29:17.443161+00:00,1588998
2026-04-24T18:29:20.538828+00:00,5000000
2026-04-24T18:29:29.891708+00:00,133888
2026-04-24T18:29:32.982265+00:00,137954
2026-04-24T18:29:36.115122+00:00,137987
2026-04-24T18:29:39.164164+00:00,347985
2026-04-24T18:29:45.422467+00:00,199999
2026-04-24T18:29:48.479364+00:00,235984
2026-04-24T18:29:51.591839+00:00,330985
2026-04-24T18:29:54.746875+00:00,695996
2026-04-24T18:29:57.882518+00:00,3280000
2026-04-24T18:30:06.020627+00:00,275000
2026-04-24T18:30:09.108840+00:00,399880
2026-04-24T18:30:12.246615+00:00,699873
2026-04-24T18:30:15.450490+00:00,1899899
2026-04-24T18:30:21.616366+00:00,549982
2026-04-24T18:30:24.758118+00:00,1399997
2026-04-24T18:30:27.818540+00:00,2499989
2026-04-24T18:30:30.989668+00:00,6299998
2026-04-24T18:30:52.869576+00:00,17775
2026-04-24T18:30:55.964033+00:00,13987
2026-04-24T18:30:59.109171+00:00,36900
2026-04-24T18:31:02.258332+00:00,248000
2026-04-24T18:31:05.434239+00:00,1055555
2026-04-24T18:31:13.573397+00:00,20971
2026-04-24T18:31:16.710836+00:00,28980
2026-04-24T18:31:19.877663+00:00,154986
2026-04-24T18:31:23.011188+00:00,629973
2026-04-24T18:31:29.288801+00:00,73880
2026-04-24T18:31:32.415359+00:00,153986
2026-04-24T18:31:35.457707+00:00,578999
2026-04-24T18:31:44.710814+00:00,167976
2026-04-24T18:31:51.003269+00:00,1999999
2026-04-24T18:32:20.806858+00:00,10959
2026-04-24T18:32:23.937102+00:00,12979
2026-04-24T18:32:27.086420+00:00,31999
2026-04-24T18:32:30.187128+00:00,190000
2026-04-24T18:32:33.313741+00:00,229992
2026-04-24T18:32:45.755645+00:00,85000
2026-04-24T18:32:48.924787+00:00,197988
2026-04-24T18:32:58.201375+00:00,229992
2026-04-24T18:33:10.698847+00:00,229992
2026-04-24T18:33:28.157748+00:00,10959
2026-04-24T18:33:31.293511+00:00,12979
2026-04-24T18:33:34.402561+00:00,31999
2026-04-24T18:33:37.585383+00:00,190000
2026-04-24T18:33:43.895882+00:00,24855
2026-04-24T18:33:47.068210+00:00,36976
2026-04-24T18:33:50.173637+00:00,119998
2026-04-24T18:33:53.301336+00:00,598999
2026-04-24T18:33:59.524393+00:00,85000
2026-04-24T18:34:02.661896+00:00,197988
2026-04-24T18:34:15.090056+00:00,229992
2026-04-24T18:34:51.418394+00:00,127993
2026-04-24T18:34:54.497066+00:00,159990
2026-04-24T18:34:57.633335+00:00,148998
2026-04-24T18:46:22.192308+00:00,40000
2026-04-24T18:46:25.307611+00:00,40000
2026-04-24T18:51:04.671838+00:00,7192
2026-04-24T18:51:07.787292+00:00,8845
2026-04-24T18:51:10.804833+00:00,38309
2026-04-24T18:51:13.918342+00:00,119993
2026-04-24T18:51:20.100358+00:00,19960
2026-04-24T18:51:23.189183+00:00,29998
2026-04-24T18:51:26.269595+00:00,91911
2026-04-24T18:51:29.350535+00:00,312995
2026-04-24T18:51:35.420903+00:00,59989
2026-04-24T18:51:38.544740+00:00,99911
2026-04-24T18:51:41.616662+00:00,269956
2026-04-24T18:51:44.651414+00:00,1000000
2026-04-24T18:51:50.835972+00:00,159995
2026-04-24T18:51:53.924017+00:00,270000
2026-04-24T18:51:57.061887+00:00,999999
2026-04-24T18:52:11.300248+00:00,309995
2026-04-24T18:52:14.325467+00:00,1009969
2026-04-24T18:52:26.597132+00:00,43995
2026-04-24T18:52:29.711486+00:00,39996
2026-04-24T18:52:32.809236+00:00,69993
2026-04-24T18:52:35.895318+00:00,156854
2026-04-24T18:52:39.046994+00:00,699999
2026-04-24T18:52:42.151111+00:00,39000
2026-04-24T18:52:45.231332+00:00,56986
2026-04-24T18:52:48.408873+00:00,99997
2026-04-24T18:52:54.656754+00:00,2000000
2026-04-24T18:52:57.738101+00:00,79000
2026-04-24T18:53:00.815441+00:00,109987
2026-04-24T18:53:03.956852+00:00,365552
2026-04-24T18:53:18.192752+00:00,168791
2026-04-24T18:53:21.337248+00:00,379992
2026-04-24T18:53:33.599788+00:00,299987
2026-04-25T13:37:27.023731+00:00,7192
2026-04-25T13:37:30.143238+00:00,8847
2026-04-25T13:37:33.203479+00:00,38306
2026-04-25T13:37:36.291721+00:00,119993
2026-04-25T13:37:39.344199+00:00,1
2026-04-25T13:37:42.413197+00:00,19980
2026-04-25T13:37:45.480135+00:00,31998
2026-04-25T13:37:48.557068+00:00,99970
2026-04-25T13:37:51.652747+00:00,312995
2026-04-25T13:37:54.739869+00:00,1
2026-04-25T13:37:57.837463+00:00,59989
2026-04-25T13:40:29.067648+00:00,34973
2026-04-25T13:40:32.095071+00:00,34973
2026-04-25T13:40:35.087885+00:00,68999
2026-04-25T13:40:38.220673+00:00,1
2026-04-25T13:40:41.311831+00:00,1
2026-04-25T13:40:44.340025+00:00,25071
2026-04-25T13:42:46.084238+00:00,7192
2026-04-25T13:42:49.146763+00:00,8847
2026-04-25T13:42:52.224553+00:00,34000
2026-04-25T13:42:55.240040+00:00,119993
2026-04-25T13:42:58.282991+00:00,1
2026-04-25T13:43:01.389934+00:00,19980
2026-04-25T13:58:20.939277+00:00,7192
2026-04-25T13:58:24.094435+00:00,8847
2026-04-25T13:58:27.169073+00:00,38309
2026-04-25T13:58:30.190270+00:00,119993
2026-04-25T13:58:33.273291+00:00,1
2026-04-25T13:58:36.296167+00:00,19980
2026-04-25T13:58:39.325356+00:00,29999
2026-04-25T13:58:42.422222+00:00,99971
2026-04-25T13:58:45.540251+00:00,312995
2026-04-25T13:58:48.666126+00:00,1
2026-04-25T13:58:51.790309+00:00,59989
2026-04-25T13:58:54.897082+00:00,90000
2026-04-25T13:58:57.995562+00:00,269955
2026-04-25T14:04:52.982162+00:00,7192
2026-04-25T14:04:56.127632+00:00,8847
2026-04-25T14:04:59.287986+00:00,38309
2026-04-25T14:05:02.376996+00:00,119993
2026-04-25T14:05:05.525604+00:00,1
2026-04-25T14:05:08.685704+00:00,19980
2026-04-25T14:05:11.721300+00:00,29998
2026-04-25T14:12:42.000248+00:00,34973
2026-04-25T14:12:45.018333+00:00,39988
2026-04-25T14:12:48.152801+00:00,68999
2026-04-25T14:12:51.226182+00:00,1
2026-04-25T14:12:54.321124+00:00,1
2026-04-25T14:32:00.774437+00:00,34973
2026-04-25T14:32:03.814431+00:00,39988
2026-04-25T14:32:06.863880+00:00,68999
2026-04-25T14:32:09.904128+00:00,1
2026-04-25T14:32:13.061229+00:00,1
2026-04-25T14:32:16.179772+00:00,25071
2026-04-25T14:32:19.278899+00:00,55553
2026-04-25T14:32:22.277762+00:00,1
2026-04-25T14:32:25.315883+00:00,1
2026-04-25T14:32:28.394631+00:00,1
2026-04-25T14:32:31.531745+00:00,45983
2026-04-25T14:32:34.647233+00:00,135987
2026-04-25T14:32:37.754416+00:00,699999
2026-04-25T14:32:40.754795+00:00,1
2026-04-25T14:32:43.778569+00:00,1
2026-04-25T14:32:46.791747+00:00,165992
2026-04-25T14:32:49.878045+00:00,450212
2026-04-25T14:32:52.978962+00:00,1
2026-04-25T14:32:56.029107+00:00,1
2026-04-25T14:32:59.123170+00:00,1
2026-04-25T14:33:07.174563+00:00,499988
2026-04-25T14:33:10.312707+00:00,1699999
2026-04-25T14:33:13.414934+00:00,1
2026-04-25T14:33:16.429240+00:00,1
2026-04-25T14:33:19.504954+00:00,1
2026-04-25T14:33:22.550133+00:00,1
2026-04-25T14:33:25.643695+00:00,349999
2026-04-25T14:33:28.737228+00:00,328000
2026-04-25T14:33:31.767149+00:00,549969
2026-04-25T14:33:34.837261+00:00,1
2026-04-25T14:33:37.973075+00:00,1
2026-04-25T14:33:41.058710+00:00,1
2026-04-25T14:33:44.136493+00:00,1
2026-04-25T14:33:47.193877+00:00,1400000
2026-04-25T14:33:50.270182+00:00,1
2026-04-25T14:33:53.440262+00:00,1
2026-04-25T14:33:56.518736+00:00,1
2026-04-25T14:33:59.609570+00:00,1
2026-04-25T14:34:02.703336+00:00,1
2026-04-25T14:34:05.733476+00:00,1
2026-04-25T14:34:13.832283+00:00,1
2026-04-25T14:34:16.958824+00:00,1
2026-04-25T14:34:19.997404+00:00,1
2026-04-25T14:34:23.100964+00:00,1
2026-04-25T14:34:26.222425+00:00,1
2026-04-25T14:34:29.296100+00:00,1
2026-04-25T14:34:32.316512+00:00,1
2026-04-25T14:34:35.392549+00:00,1
2026-04-25T14:34:38.432535+00:00,1
2026-04-25T14:34:41.516295+00:00,1
2026-04-25T14:34:44.624068+00:00,350000
2026-04-25T14:34:47.709592+00:00,369999
2026-04-25T14:34:50.702724+00:00,1
2026-04-25T14:34:53.801587+00:00,549999
2026-04-25T14:34:56.897007+00:00,1
2026-04-25T14:34:59.946626+00:00,1
2026-04-25T14:35:03.006915+00:00,888888
2026-04-25T14:35:06.108389+00:00,1
2026-04-25T14:35:09.139427+00:00,1399999
2026-04-25T14:35:12.254682+00:00,1
2026-04-25T14:35:20.267756+00:00,1
2026-04-25T14:35:23.333873+00:00,2499999
2026-04-25T14:35:26.406624+00:00,1
2026-04-25T14:35:29.539720+00:00,1
2026-04-25T14:35:32.642161+00:00,1
2026-04-25T14:35:35.742102+00:00,1
2026-04-25T14:35:38.790113+00:00,1
2026-04-25T14:35:41.881603+00:00,1
2026-04-25T14:35:44.961842+00:00,1
2026-04-25T14:35:48.089075+00:00,1
2026-04-25T14:35:51.156737+00:00,1
2026-04-25T14:35:54.288605+00:00,1
2026-04-25T14:35:57.442906+00:00,1
2026-04-25T14:36:00.450225+00:00,1
2026-04-25T14:36:03.580963+00:00,1
2026-04-25T14:36:06.700388+00:00,1
2026-04-25T14:36:09.730889+00:00,1
2026-04-25T14:36:12.793608+00:00,1
2026-04-25T14:36:15.909195+00:00,61
2026-04-25T14:36:19.019293+00:00,1
2026-04-25T14:36:27.085288+00:00,1
2026-04-25T14:36:30.143738+00:00,1
2026-04-25T14:36:33.228813+00:00,1
2026-04-25T14:36:36.249934+00:00,1
2026-04-25T14:36:39.255679+00:00,1
2026-04-25T14:36:42.245327+00:00,1
2026-04-25T14:36:45.301133+00:00,1
2026-04-25T14:36:48.313264+00:00,1
2026-04-25T14:36:51.348037+00:00,1
2026-04-25T14:36:54.434241+00:00,1
2026-04-25T14:36:57.441715+00:00,1
2026-04-25T14:37:00.520333+00:00,1
2026-04-25T14:37:03.633772+00:00,1
2026-04-25T14:37:06.745933+00:00,1
2026-04-25T14:37:09.761892+00:00,1
2026-04-25T14:37:12.841486+00:00,1
2026-04-25T14:37:15.881048+00:00,1
2026-04-25T14:37:18.930848+00:00,1
2026-04-25T14:37:21.926967+00:00,1
2026-04-25T14:37:24.939722+00:00,1
2026-04-25T14:37:32.961406+00:00,26979
2026-04-25T14:37:36.068910+00:00,27936
2026-04-25T14:37:39.158338+00:00,139987
2026-04-25T14:37:42.215595+00:00,421661
2026-04-25T14:37:45.274996+00:00,1
2026-04-25T14:37:48.401215+00:00,40000
2026-04-25T14:37:51.449034+00:00,100979
2026-04-25T14:37:54.550774+00:00,339999
2026-04-25T14:37:57.661969+00:00,1
2026-04-25T14:38:00.728532+00:00,1
2026-04-25T14:38:03.759774+00:00,1
2026-04-25T14:38:06.797745+00:00,299999
2026-04-25T14:38:09.886101+00:00,777777
2026-04-25T14:38:12.944751+00:00,1
2026-04-25T14:38:15.990861+00:00,1
2026-04-25T14:38:19.035568+00:00,334332
2026-04-25T14:38:22.087725+00:00,1
2026-04-25T14:38:25.135857+00:00,1
2026-04-25T14:38:28.230470+00:00,1
2026-04-25T14:38:31.316400+00:00,1
2026-04-25T14:38:39.435365+00:00,999999
2026-04-25T14:38:42.514450+00:00,1
2026-04-25T14:38:45.617027+00:00,1
2026-04-25T14:38:48.724713+00:00,1
2026-04-25T14:38:51.854442+00:00,1
2026-04-25T14:38:54.924172+00:00,15549
2026-04-25T14:38:57.992672+00:00,23885
2026-04-25T14:39:01.070421+00:00,42999
2026-04-25T14:39:04.122114+00:00,189981
2026-04-25T14:39:07.156887+00:00,1
2026-04-25T14:39:10.257948+00:00,32218
2026-04-25T14:39:13.294100+00:00,34986
2026-04-25T14:39:16.384245+00:00,192992
2026-04-25T14:39:19.536381+00:00,1
2026-04-25T14:39:22.571542+00:00,1
2026-04-25T14:39:25.654444+00:00,60966
2026-04-25T14:39:28.782509+00:00,99993
2026-04-25T14:39:31.898475+00:00,699998
2026-04-25T14:39:34.964035+00:00,1
2026-04-25T14:50:50.360264+00:00,1
2026-04-25T14:51:03.743556+00:00,190000
2026-04-25T14:51:06.844256+00:00,499991
2026-04-25T14:51:09.968542+00:00,1
2026-04-25T14:51:13.105033+00:00,1
2026-04-25T14:51:16.155074+00:00,1
2026-04-25T14:51:19.267767+00:00,555550
2026-04-25T14:51:22.398968+00:00,1
2026-04-25T14:51:25.498823+00:00,1
2026-04-25T14:51:28.536482+00:00,1
2026-04-25T14:51:31.639407+00:00,1
2026-04-25T14:51:34.692666+00:00,137984
2026-04-25T14:51:37.825510+00:00,119212
2026-04-25T14:51:40.894867+00:00,143000
2026-04-25T14:51:43.957515+00:00,258888
2026-04-25T14:51:47.088511+00:00,1
2026-04-25T14:51:50.115962+00:00,1
2026-04-25T14:51:58.283087+00:00,259998
2026-04-25T14:52:01.381268+00:00,295000
2026-04-25T14:52:04.393089+00:00,700000
2026-04-25T14:52:07.489827+00:00,3150000
2026-04-25T14:52:10.583059+00:00,1
2026-04-25T14:52:13.714746+00:00,359983
2026-04-25T14:52:16.779087+00:00,700000
2026-04-25T14:52:19.870663+00:00,1
2026-04-25T14:52:22.899366+00:00,1
2026-04-25T14:52:25.980767+00:00,1
2026-04-25T14:52:29.080601+00:00,1
2026-04-25T14:52:32.165360+00:00,1
2026-04-25T14:52:35.283471+00:00,1
2026-04-25T14:52:38.286504+00:00,1
2026-04-25T14:52:41.382373+00:00,1
2026-04-25T14:52:44.510275+00:00,1
2026-04-25T14:52:47.615935+00:00,1
2026-04-25T14:52:50.686339+00:00,1
2026-04-25T14:52:53.700321+00:00,1
2026-04-25T14:52:56.833087+00:00,15899
2026-04-25T14:53:04.925035+00:00,39999
2026-04-25T14:53:07.985450+00:00,1
2026-04-25T14:53:11.115446+00:00,199997
2026-04-25T14:53:14.148948+00:00,1
2026-04-25T14:53:17.151667+00:00,99998
2026-04-25T14:53:20.242848+00:00,136968
2026-04-25T14:53:23.371261+00:00,309982
2026-04-25T14:53:26.413451+00:00,647888
2026-04-25T14:53:29.510036+00:00,1
2026-04-25T14:53:32.616041+00:00,166662
2026-04-25T14:53:35.678994+00:00,199999
2026-04-25T14:53:38.719003+00:00,539993
2026-04-25T14:53:41.733385+00:00,1
2026-04-25T14:53:44.903460+00:00,1
2026-04-25T14:53:48.042457+00:00,342069
2026-04-25T14:53:51.120263+00:00,1
2026-04-25T14:53:54.237012+00:00,1
2026-04-25T14:53:57.380596+00:00,1
2026-04-25T14:54:00.437704+00:00,1
2026-04-25T14:54:03.558701+00:00,549995
2026-04-25T14:54:11.673475+00:00,1
2026-04-25T14:54:14.716295+00:00,1
2026-04-25T15:42:50.859639+00:00,7192
2026-04-25T15:42:53.989985+00:00,8845
2026-04-25T15:43:06.871485+00:00,38309
2026-04-25T15:43:09.929580+00:00,119993
2026-04-25T15:43:13.070106+00:00,1
2026-04-25T15:43:16.083374+00:00,19980
2026-04-25T15:43:19.193289+00:00,33330
2026-04-25T15:43:22.215750+00:00,99971
2026-04-25T15:43:25.255112+00:00,312995
2026-04-25T15:43:28.366707+00:00,1
2026-04-25T15:43:31.381673+00:00,59989
2026-04-25T15:43:34.478310+00:00,99990
2026-04-25T15:43:37.616661+00:00,269955
2026-04-25T15:43:40.748054+00:00,1000000
2026-04-25T15:43:43.813741+00:00,1
2026-04-25T15:43:46.904764+00:00,159999
2026-04-25T15:43:49.969381+00:00,270000
2026-04-25T15:43:58.034213+00:00,999999
2026-04-25T15:44:01.109847+00:00,1
2026-04-25T15:44:04.114010+00:00,1
2026-04-25T15:44:07.184680+00:00,309998
2026-04-25T15:44:10.216341+00:00,1009966
2026-04-25T15:44:13.255336+00:00,1
2026-04-25T15:44:16.301602+00:00,1
2026-04-25T15:44:19.392931+00:00,1
2026-04-25T15:44:22.476161+00:00,43992
2026-04-25T15:44:25.513176+00:00,39996
2026-04-25T15:44:28.676533+00:00,69993
2026-04-25T15:44:31.727223+00:00,125441
2026-04-25T16:46:44.978931+00:00,1
2026-04-25T16:46:48.181692+00:00,849978
2026-04-25T16:46:51.337560+00:00,1
2026-04-25T16:46:54.417252+00:00,1
2026-04-25T16:47:52.829197+00:00,33986
2026-04-25T16:47:55.933909+00:00,39987
2026-04-25T16:47:58.971725+00:00,62999
2026-04-25T16:48:02.034906+00:00,350000
2026-04-25T16:48:22.979459+00:00,849978
2026-04-25T16:48:59.932304+00:00,849978
2026-04-25T16:57:16.940584+00:00,19294
2026-04-25T16:57:20.022766+00:00,33986
2026-04-25T16:57:23.166842+00:00,39987
2026-04-25T16:57:26.205023+00:00,62999
2026-04-25T16:57:29.305280+00:00,350000
2026-04-25T16:57:35.634234+00:00,25071
2026-04-25T16:57:38.702319+00:00,55553
2026-04-25T16:57:41.798800+00:00,229998
2026-04-25T16:57:44.932470+00:00,620000
2026-04-25T16:57:51.100891+00:00,45981
2026-04-25T16:57:54.160260+00:00,134994
2026-04-25T16:57:57.274187+00:00,455551
2026-04-25T16:58:06.669648+00:00,149994
2026-04-25T16:58:09.734379+00:00,450212
2026-04-25T16:58:27.224748+00:00,499988
2026-04-25T16:58:30.390874+00:00,1699999
2026-04-25T16:58:46.034998+00:00,349999
2026-04-25T16:58:49.192448+00:00,327990
2026-04-25T16:58:52.376693+00:00,549976
2026-04-25T17:02:24.972000+00:00,19294
2026-04-25T17:02:28.085287+00:00,33985
2026-04-25T17:02:31.199632+00:00,39987
2026-04-25T17:02:34.330181+00:00,62999
2026-04-25T17:02:37.482354+00:00,350000
2026-04-25T17:02:43.657784+00:00,25071
2026-04-25T17:02:46.713493+00:00,55553
2026-04-25T17:02:49.767288+00:00,229998
2026-04-25T17:04:37.965155+00:00,620000
2026-04-25T17:04:44.116200+00:00,45981
2026-04-25T17:04:47.200853+00:00,134994
2026-04-25T17:04:50.358627+00:00,455551
2026-04-25T17:04:59.761689+00:00,149994
2026-04-25T17:05:02.920603+00:00,450212
2026-04-25T17:05:15.304297+00:00,499988
2026-04-25T17:05:18.438495+00:00,1699999
2026-04-25T17:05:34.056501+00:00,349999
2026-04-25T17:05:37.185798+00:00,327990
2026-04-25T17:05:45.353812+00:00,549976
2026-04-25T17:06:00.903595+00:00,1400000
2026-04-25T17:06:13.341471+00:00,2000000
2026-04-25T17:06:25.704069+00:00,2570000
2026-04-25T17:06:58.611620+00:00,350000
2026-04-25T17:07:01.747308+00:00,369999
2026-04-25T17:07:04.833304+00:00,389999
2026-04-25T17:07:07.933509+00:00,449990
2026-04-25T17:07:17.196153+00:00,8888
2026-04-25T17:07:23.478272+00:00,999999
2026-04-25T17:08:44.349358+00:00,2499999
2026-04-25T17:08:50.531748+00:00,4000000
2026-04-25T17:09:06.185451+00:00,9200000
2026-04-25T17:09:34.159150+00:00,666666
2026-04-25T17:09:37.215360+00:00,499993
2026-04-25T17:09:40.366000+00:00,1550000
2026-04-25T17:09:57.646198+00:00,1599999
2026-04-25T17:10:16.312545+00:00,6000000
2026-04-25T17:10:55.642569+00:00,26979
2026-04-25T17:10:58.788052+00:00,27936
2026-04-25T17:11:01.875191+00:00,139986
2026-04-25T17:11:04.898414+00:00,399998
2026-04-25T17:11:11.003301+00:00,39995
2026-04-25T17:11:14.057325+00:00,80000
2026-04-25T17:11:17.088443+00:00,339997
2026-04-25T17:11:26.410049+00:00,118995
2026-04-25T17:11:29.540642+00:00,300000
2026-04-25T17:11:32.610483+00:00,700000
2026-04-25T17:11:35.785244+00:00,2100000
2026-04-25T17:11:42.044063+00:00,934332
2026-04-25T17:11:45.145842+00:00,700000
2026-04-25T17:12:02.570832+00:00,999999
2026-04-25T17:12:08.758009+00:00,5600000
2026-04-25T17:12:18.048684+00:00,5993
2026-04-25T17:12:21.189321+00:00,9981
2026-04-25T17:12:24.219592+00:00,23884
2026-04-25T17:12:27.283390+00:00,41875
2026-04-25T17:12:30.450168+00:00,129981
2026-04-25T17:12:36.620461+00:00,30881
2026-04-25T17:12:39.679808+00:00,34983
2026-04-25T17:12:42.862985+00:00,192991
2026-04-25T17:12:45.952846+00:00,555555
2026-04-25T17:12:52.143404+00:00,60964
2026-04-25T17:12:55.241864+00:00,99993
2026-04-25T17:12:58.323909+00:00,550000
2026-04-25T17:13:01.480164+00:00,1899999
2026-04-25T17:13:12.695422+00:00,190000
2026-04-25T17:13:15.762339+00:00,495991
2026-04-25T17:13:28.270854+00:00,555549
2026-04-25T17:13:43.813138+00:00,137983
2026-04-25T17:13:46.880001+00:00,119210
2026-04-25T17:13:50.003510+00:00,143000
2026-04-25T17:13:53.153474+00:00,25888
2026-04-25T17:13:59.430717+00:00,195000
2026-04-25T17:14:02.519445+00:00,222997
2026-04-25T17:14:05.675958+00:00,294999
2026-04-25T17:14:08.790502+00:00,700000
2026-04-25T17:14:16.939003+00:00,3150000
2026-04-25T17:14:23.087911+00:00,359983
2026-04-25T17:14:26.218670+00:00,699999
2026-04-25T17:14:38.772639+00:00,200000
2026-04-25T17:15:00.505293+00:00,17000000
2026-04-25T17:15:06.770341+00:00,15884
2026-04-25T17:15:09.924477+00:00,45984
2026-04-25T17:15:16.077880+00:00,195998
2026-04-25T17:15:27.290669+00:00,99996
2026-04-25T17:15:30.433217+00:00,136968
2026-04-25T17:15:33.577103+00:00,309982
2026-04-25T17:15:36.609230+00:00,647888
2026-04-25T17:15:42.803749+00:00,166662
2026-04-25T17:15:45.885752+00:00,195999
2026-04-25T17:15:48.963300+00:00,500000
2026-04-25T17:15:58.186711+00:00,342069
2026-04-25T17:16:13.830079+00:00,549900
2026-04-25T17:16:34.528710+00:00,200
2026-04-25T17:16:37.586623+00:00,2998
2026-04-25T17:16:40.770059+00:00,28969
2026-04-25T17:16:43.889280+00:00,29839
2026-04-25T17:16:47.036754+00:00,299987
2026-04-25T17:16:50.093495+00:00,3996
2026-04-25T17:17:02.600497+00:00,8161
2026-04-25T17:17:05.773796+00:00,210995
2026-04-25T17:17:08.936112+00:00,780000
2026-04-25T17:17:15.172550+00:00,10986
2026-04-25T17:17:27.594097+00:00,924988
2026-04-25T17:17:45.155187+00:00,18881
2026-04-25T17:17:48.274408+00:00,28969
2026-04-25T17:17:51.436745+00:00,29839
2026-04-25T17:17:54.511553+00:00,299987
2026-04-25T17:18:00.790872+00:00,29993
2026-04-25T17:18:03.922777+00:00,49996
2026-04-25T17:18:07.033335+00:00,150000
2026-04-25T17:18:16.522326+00:00,100000
2026-04-25T17:18:19.615605+00:00,210995
2026-04-25T17:18:22.692974+00:00,780000
2026-04-25T17:18:52.665351+00:00,930996
2026-04-25T17:19:08.276091+00:00,73000
2026-04-25T17:19:11.397618+00:00,140000
2026-04-25T17:19:14.559527+00:00,129981
2026-04-25T17:19:17.706729+00:00,314997
2026-04-25T17:19:20.779921+00:00,5900000
2026-04-25T17:19:23.909937+00:00,229000
2026-04-25T17:19:26.999186+00:00,230000
2026-04-25T17:19:30.103766+00:00,299995
2026-04-25T17:19:33.178167+00:00,623422
2026-04-25T17:19:39.502613+00:00,333297
2026-04-25T17:19:42.633212+00:00,289971
2026-04-25T17:19:45.727134+00:00,597174
2026-04-25T17:19:53.839614+00:00,2459908
2026-04-25T17:20:00.087405+00:00,500000
2026-04-25T17:20:03.150861+00:00,999998
2026-04-25T17:20:15.587981+00:00,1499999
2026-04-25T17:20:31.095471+00:00,20996
2026-04-25T17:20:34.225529+00:00,41972
2026-04-25T17:20:37.326544+00:00,69009
2026-04-25T17:20:40.395598+00:00,219990
2026-04-25T17:20:46.693469+00:00,122222
2026-04-25T17:20:49.840142+00:00,79899
2026-04-25T17:20:52.988528+00:00,209999
2026-04-25T17:21:01.109782+00:00,629996
2026-04-25T17:21:04.166168+00:00,4555555
2026-04-25T17:21:07.265763+00:00,105000
2026-04-25T17:21:10.332678+00:00,179991
2026-04-25T17:21:13.470625+00:00,598991
2026-04-25T17:21:22.760378+00:00,377776
2026-04-25T17:21:25.857536+00:00,666666
2026-04-25T17:21:53.977284+00:00,12992
2026-04-25T17:21:57.099864+00:00,22200
2026-04-25T17:22:00.218086+00:00,48665
2026-04-25T17:22:08.365684+00:00,195978
2026-04-25T17:22:11.460695+00:00,1200000
2026-04-25T17:22:14.523920+00:00,39998
2026-04-25T17:22:17.592462+00:00,64890
2026-04-25T17:22:20.766602+00:00,124994
2026-04-25T17:22:23.916530+00:00,599990
2026-04-25T17:22:30.057664+00:00,99998
2026-04-25T17:22:33.193442+00:00,121999
2026-04-25T17:22:36.269066+00:00,555553
2026-04-25T17:22:39.373991+00:00,1999999
2026-04-25T17:22:45.574888+00:00,299995
2026-04-25T17:22:48.728962+00:00,699999
2026-04-25T17:23:01.219106+00:00,670000
2026-04-25T17:23:21.853752+00:00,982818
2026-04-25T17:23:24.995314+00:00,200000
2026-04-25T17:23:28.128889+00:00,309896
2026-04-25T17:23:31.157477+00:00,432221
2026-04-25T17:23:34.266282+00:00,1599994
2026-04-25T17:23:43.540648+00:00,549999
2026-04-25T17:23:46.625913+00:00,299999
2026-04-25T17:23:49.722571+00:00,2800000
2026-04-25T17:23:55.933568+00:00,646655
2026-04-25T17:23:59.026513+00:00,1299978
2026-04-25T17:24:08.403342+00:00,644215
2026-04-25T17:24:28.790550+00:00,4333333
2026-04-25T17:24:44.220117+00:00,50000
2026-04-25T17:24:47.326106+00:00,56994
2026-04-25T17:24:50.445515+00:00,90000
2026-04-25T17:24:53.513469+00:00,129994
2026-04-25T17:24:59.696557+00:00,67992
2026-04-25T17:25:02.742721+00:00,119978
2026-04-25T17:25:05.896081+00:00,199992
2026-04-25T17:25:09.028467+00:00,629999
2026-04-25T17:25:12.138044+00:00,5000000
2026-04-25T17:25:15.250867+00:00,95555
2026-04-25T17:25:18.297685+00:00,120033
2026-04-25T17:25:21.442630+00:00,600000
2026-04-25T17:25:35.805156+00:00,300000
2026-04-25T17:25:38.934219+00:00,799996
2026-04-25T17:26:06.821677+00:00,99999
2026-04-25T17:26:09.983919+00:00,9992
2026-04-25T17:26:13.090320+00:00,496
2026-04-25T17:26:16.162655+00:00,14998
2026-04-25T17:26:19.344852+00:00,41742
2026-04-25T17:26:22.406576+00:00,135000
2026-04-25T17:26:25.447840+00:00,1290000
2026-04-25T17:26:28.594333+00:00,5973
2026-04-25T17:26:36.670314+00:00,39900
2026-04-25T17:26:39.786106+00:00,118859
2026-04-25T17:26:42.860834+00:00,485777
2026-04-25T17:26:49.102781+00:00,10067
2026-04-25T17:26:52.166336+00:00,89999
2026-04-25T17:26:55.338905+00:00,429999
2026-04-25T17:26:58.461141+00:00,1500000
2026-04-25T17:27:04.685396+00:00,9799
2026-04-25T17:27:07.808675+00:00,388883
2026-04-25T17:27:10.873722+00:00,1800000
2026-04-25T17:27:13.968131+00:00,4999998
2026-04-25T17:27:20.231643+00:00,449987
2026-04-25T17:27:23.365407+00:00,1680000
2026-04-25T17:27:26.437051+00:00,3999999
2026-04-25T17:27:29.565165+00:00,18000000
2026-04-25T17:27:43.955282+00:00,123998
2026-04-25T17:27:47.026225+00:00,119984
2026-04-25T17:27:50.170017+00:00,209986
2026-04-25T17:27:53.272558+00:00,1499999
2026-04-25T17:27:56.371171+00:00,148999
2026-04-25T17:27:59.488009+00:00,179997
2026-04-25T17:28:02.637811+00:00,249998
2026-04-25T17:28:05.722068+00:00,538998
2026-04-25T17:28:11.988577+00:00,219998
2026-04-25T17:28:15.086950+00:00,279989
2026-04-25T17:28:18.218602+00:00,516998
2026-04-25T17:28:21.283282+00:00,1500000
2026-04-25T17:28:27.511835+00:00,949000
2026-04-25T17:28:30.616386+00:00,699995
2026-04-25T17:28:33.747618+00:00,1800000
2026-04-25T17:28:36.864084+00:00,4999998
2026-04-25T17:29:03.425699+00:00,9998
2026-04-25T17:29:06.573369+00:00,24989
2026-04-25T17:29:09.686026+00:00,41437
2026-04-25T17:29:12.767840+00:00,94975
2026-04-25T17:29:15.891134+00:00,349997
2026-04-25T17:29:22.012355+00:00,55542
2026-04-25T17:29:25.140630+00:00,79992
2026-04-25T17:29:28.275058+00:00,239997
2026-04-25T17:29:31.419832+00:00,999998
2026-04-25T17:29:37.691450+00:00,123000
2026-04-25T17:29:40.828041+00:00,199993
2026-04-25T17:29:43.969190+00:00,699996
2026-04-25T17:29:47.068483+00:00,3000000
2026-04-25T17:29:58.303919+00:00,299995
2026-04-25T17:30:01.444390+00:00,548000
2026-04-25T17:30:13.936243+00:00,700000
2026-04-25T17:30:29.470609+00:00,80000
2026-04-25T17:30:42.084306+00:00,350000
2026-04-25T17:30:57.614043+00:00,200000
2026-04-25T17:31:12.050813+00:00,455555
2026-04-25T17:31:15.106123+00:00,660000
2026-04-25T17:31:55.259589+00:00,24996
2026-04-25T17:31:58.322496+00:00,29994
2026-04-25T17:32:01.432544+00:00,128082
2026-04-25T17:32:04.564002+00:00,300000
2026-04-25T17:32:15.713711+00:00,60000
2026-04-25T17:32:18.877467+00:00,175999
2026-04-25T17:32:21.966691+00:00,282997
2026-04-25T17:32:31.235013+00:00,179998
2026-04-25T17:32:34.425838+00:00,248997
2026-04-25T17:32:37.559098+00:00,550000
2026-04-25T17:32:47.000123+00:00,529998
2026-04-25T17:33:23.136964+00:00,1487
2026-04-25T17:33:26.280000+00:00,10000
2026-04-25T17:33:29.441499+00:00,19993
2026-04-25T17:33:32.508047+00:00,19994
2026-04-25T17:33:35.605626+00:00,99999
2026-04-25T17:33:38.753141+00:00,170000
2026-04-25T17:33:44.912619+00:00,24980
2026-04-25T17:33:48.046471+00:00,44549
2026-04-25T17:33:51.116015+00:00,178992
2026-04-25T17:33:54.155559+00:00,655555
2026-04-25T17:34:00.474964+00:00,63321
2026-04-25T17:34:03.599807+00:00,131992
2026-04-25T17:34:06.710314+00:00,8287
2026-04-25T17:34:16.127973+00:00,179995
2026-04-25T17:34:36.661041+00:00,499966
2026-04-25T17:34:52.254810+00:00,81000
2026-04-25T17:35:01.637166+00:00,119997
2026-04-25T17:35:04.715424+00:00,453646
2026-04-25T17:35:14.044624+00:00,109999
2026-04-25T17:35:17.159132+00:00,249996
2026-04-25T17:35:34.522240+00:00,289999
2026-04-25T17:36:18.012127+00:00,18957
2026-04-25T17:36:21.197810+00:00,26999
2026-04-25T17:36:24.313186+00:00,78871
2026-04-25T17:50:48.001834+00:00,49997
2026-04-25T17:50:51.060416+00:00,40000
2026-04-25T17:50:54.149698+00:00,159900
2026-04-25T17:50:57.233963+00:00,562111
2026-04-25T17:51:03.436374+00:00,69999
2026-04-25T17:51:06.556133+00:00,179983
2026-04-25T17:51:18.958562+00:00,299951
2026-04-25T17:51:22.072008+00:00,719999
2026-04-25T17:51:55.174515+00:00,23000
2026-04-25T17:51:58.322578+00:00,38999
2026-04-25T17:52:01.462207+00:00,68883
2026-04-25T17:52:04.556260+00:00,206951
2026-04-25T17:52:10.867100+00:00,100000
2026-04-25T17:52:14.015983+00:00,100000
2026-04-25T17:52:17.133047+00:00,218888
2026-04-25T17:52:20.242835+00:00,589989
2026-04-25T17:52:26.415116+00:00,155985
2026-04-25T17:52:29.466023+00:00,219988
2026-04-25T17:52:32.606182+00:00,549998
2026-04-25T17:52:35.671821+00:00,2100000
2026-04-25T17:52:41.871293+00:00,555554
2026-04-25T17:52:44.956535+00:00,219981
2026-04-25T17:52:48.013889+00:00,3000000
2026-04-25T19:10:46.157082+00:00,799807998
2026-04-25T19:10:49.284201+00:00,89558955
2026-04-25T19:10:52.520191+00:00,2946129461
2026-04-25T19:10:55.686099+00:00,88740887
2026-04-25T19:10:58.892521+00:00,319000319000
2026-04-25T19:49:44.955141+00:00,7186
2026-04-25T19:49:48.110243+00:00,8847
2026-04-25T19:49:51.362157+00:00,383090
2026-04-25T19:49:54.488293+00:00,119993
2026-04-25T19:54:25.057568+00:00,349999
2026-04-25T19:54:28.290377+00:00,328000
2026-04-25T19:54:31.488110+00:00,549978
2026-04-25T19:54:47.428287+00:00,1400000
2026-04-25T19:55:06.341936+00:00,43992
2026-04-25T19:55:09.521461+00:00,39996
2026-04-25T19:55:12.752979+00:00,69993
2026-04-25T19:55:15.924035+00:00,125441
2026-04-25T19:55:19.095928+00:00,699999
2026-04-25T19:55:27.268099+00:00,35000
2026-04-25T19:55:30.400758+00:00,55549
2026-04-25T19:55:33.616033+00:00,95997
2026-04-25T19:55:39.983461+00:00,85434
2026-04-25T19:55:43.156566+00:00,109979
2026-04-25T19:55:46.358842+00:00,365552
2026-04-25T19:55:49.609691+00:00,168787
2026-04-25T19:55:52.846781+00:00,379992
2026-04-25T19:55:56.018984+00:00,299987
2026-04-25T19:57:59.014568+00:00,45110873
2026-04-25T19:58:05.347914+00:00,45110873
2026-04-25T19:58:11.684472+00:00,45110873
2026-04-25T19:58:18.089825+00:00,45110873
2026-04-25T20:02:52.818375+00:00,63
2026-04-25T20:02:55.992788+00:00,349999
2026-04-25T20:02:59.172544+00:00,328000
2026-04-25T20:03:02.371602+00:00,549978
2026-04-25T20:03:05.527573+00:00,43992
2026-04-25T20:03:08.729710+00:00,39996
2026-04-25T20:03:11.899967+00:00,69993
2026-04-25T20:03:15.127757+00:00,125441
2026-04-25T20:03:18.270054+00:00,699999
2026-04-25T20:03:21.429388+00:00,35000
2026-04-25T20:03:24.583805+00:00,85434
2026-04-25T20:03:27.772050+00:00,168787
2026-04-25T20:04:30.055430+00:00,45110873
2026-04-25T20:04:36.484770+00:00,45110873
2026-04-25T20:08:17.019804+00:00,4898
2026-04-25T20:08:20.292688+00:00,45110873
2026-04-25T20:08:23.526333+00:00,2152200
2026-04-25T20:08:26.726477+00:00,45110873
2026-04-25T20:08:29.881467+00:00,141736
2026-04-25T20:08:33.066183+00:00,45110873
2026-04-25T20:08:36.280657+00:00,5697
2026-04-25T20:08:39.527880+00:00,45110873
2026-04-25T20:08:42.706802+00:00,19623
2026-04-25T20:08:45.924613+00:00,45110873
2026-04-25T20:08:49.151826+00:00,293596
2026-04-25T20:09:48.796788+00:00,45110873
2026-04-25T20:09:52.062114+00:00,4013200
2026-04-25T20:09:55.283373+00:00,45110873
2026-04-25T20:10:57.857202+00:00,45110873
2026-04-25T20:14:22.047753+00:00,37446
2026-04-25T20:14:25.371110+00:00,45110873
2026-04-25T20:14:28.710026+00:00,63933
2026-04-25T20:17:50.182939+00:00,45110873
2026-04-25T20:17:53.529696+00:00,4013200
2026-04-25T20:17:56.840721+00:00,45110873
2026-04-25T20:18:00.080355+00:00,146740
2026-04-25T20:18:03.484320+00:00,45110873
2026-04-25T20:18:06.816757+00:00,34466
2026-04-25T20:23:23.137319+00:00,37446
2026-04-25T20:23:26.520285+00:00,4013200
2026-04-25T20:23:29.983123+00:00,63933
2026-04-25T20:27:08.213214+00:00,37446
2026-04-25T20:27:11.691210+00:00,40132
2026-04-25T20:27:15.161218+00:00,63933
2026-04-25T20:27:18.612501+00:00,156860
2026-04-25T20:27:21.997111+00:00,647936
2026-04-25T20:27:25.449562+00:00,38236
2026-04-25T20:27:28.924784+00:00,58236
2026-04-25T20:27:32.301264+00:00,59455
2026-04-25T20:27:35.776917+00:00,37965
2026-04-25T20:27:39.207021+00:00,875726
2026-04-25T20:27:42.625182+00:00,36714
2026-04-25T20:27:46.079430+00:00,117645
2026-04-25T20:27:49.527978+00:00,217666
2026-04-25T20:27:52.951852+00:00,399898
2026-04-25T20:27:56.423134+00:00,617564
2026-04-25T20:27:59.829051+00:00,174570
2026-04-25T20:28:03.195942+00:00,331561
2026-04-25T20:28:06.569030+00:00,1098454
2026-04-25T20:28:14.981887+00:00,2642364
2026-04-25T20:28:18.389328+00:00,4049400
2026-04-25T20:28:21.845777+00:00,288534
2026-04-25T20:28:25.318181+00:00,895974
2026-04-25T20:28:28.792443+00:00,1609716
2026-04-25T20:28:32.161145+00:00,4049400
2026-04-25T20:28:35.569652+00:00,12553450
2026-04-25T20:29:47.055180+00:00,43992
2026-04-25T20:29:50.478959+00:00,39996
2026-04-25T20:29:53.902856+00:00,69993
2026-04-25T20:29:57.318682+00:00,125440000
2026-04-25T20:30:00.763347+00:00,699999
2026-04-25T20:30:04.187295+00:00,35000
2026-04-25T20:30:07.535364+00:00,55549000
2026-04-25T20:30:10.990279+00:00,95997
2026-04-25T20:30:17.793902+00:00,2000000
2026-04-25T20:30:21.204653+00:00,85434
2026-04-25T20:30:24.650376+00:00,109979
2026-04-25T20:30:28.120425+00:00,365552
2026-04-25T20:30:38.187577+00:00,168787
2026-04-25T20:30:41.590007+00:00,379992
2026-04-25T20:31:00.189098+00:00,299987
2026-04-25T20:39:43.135476+00:00,49799
2026-04-25T20:39:46.517534+00:00,52994
2026-04-25T20:39:49.917068+00:00,52994
2026-04-25T20:39:53.378304+00:00,52990
2026-04-25T20:39:56.709445+00:00,999996
2026-04-25T20:40:00.174057+00:00,50000
2026-04-25T20:40:14.026718+00:00,43992
2026-04-25T20:40:17.462549+00:00,39996
2026-04-25T20:40:20.886589+00:00,69993
2026-04-25T20:40:24.316284+00:00,125441
2026-04-25T20:40:27.726079+00:00,699999
2026-04-25T20:40:31.148842+00:00,35000
2026-04-25T20:40:34.544980+00:00,55549
2026-04-25T20:40:37.914120+00:00,95997
2026-04-25T20:40:44.638746+00:00,2000000
2026-04-25T20:40:48.108260+00:00,85434
2026-04-25T20:40:51.536544+00:00,109979
2026-04-25T20:40:54.927966+00:00,365552
2026-04-25T20:41:05.171190+00:00,168787
2026-04-25T20:41:08.517277+00:00,379992
2026-04-25T20:41:27.180389+00:00,299987
2026-04-25T20:42:55.063207+00:00,37446
2026-04-25T20:42:58.516605+00:00,40132
2026-04-25T20:43:01.948547+00:00,63933
2026-04-25T20:43:05.338220+00:00,156860
2026-04-25T20:43:08.739070+00:00,663122
2026-04-25T20:43:12.192185+00:00,43924
2026-04-25T20:43:15.616083+00:00,43924
2026-04-25T20:43:18.989079+00:00,45110873
2026-04-25T20:43:22.428601+00:00,169577
2026-04-25T20:43:25.811114+00:00,9263660
2026-04-25T20:43:29.233274+00:00,79125
2026-04-25T20:43:32.607948+00:00,117645
2026-04-25T20:43:36.008541+00:00,108833
2026-04-25T20:43:39.406823+00:00,678308
2026-04-25T20:43:42.810211+00:00,7138060
2026-04-25T20:43:46.192036+00:00,176570
2026-04-25T20:43:49.564835+00:00,331561
2026-04-25T20:43:52.997973+00:00,1098656
2026-04-25T20:44:01.439676+00:00,2753728
2026-04-25T20:44:04.839854+00:00,4089894
2026-04-25T20:44:08.270803+00:00,288534
2026-04-25T20:44:11.687893+00:00,293596
2026-04-25T20:44:15.099748+00:00,1741328
2026-04-25T20:44:18.488633+00:00,4130388
2026-04-25T20:44:21.849150+00:00,12634460
2026-04-25T21:03:05.209766+00:00,37604
2026-04-25T21:03:08.683130+00:00,40766
2026-04-25T21:03:12.043989+00:00,63933
2026-04-25T21:03:15.408589+00:00,75900
2026-04-25T21:03:18.917558+00:00,12655
2026-04-25T21:03:22.370719+00:00,43924
2026-04-25T21:03:25.842687+00:00,28485
2026-04-25T21:03:29.288750+00:00,92345
2026-04-25T21:03:32.747841+00:00,336623
2026-04-25T21:03:36.207333+00:00,992152
2026-04-25T21:03:39.629419+00:00,13926
2026-04-25T21:03:43.022715+00:00,117645
2026-04-25T21:03:46.401512+00:00,344216
2026-04-25T21:03:49.865158+00:00,961532
2026-04-25T21:03:53.245524+00:00,870664
2026-04-25T21:03:56.690272+00:00,176570
2026-04-25T21:04:00.080271+00:00,331561
2026-04-25T21:04:03.409280+00:00,1098656
2026-04-25T21:04:11.826356+00:00,2814472
2026-04-25T21:04:15.212509+00:00,4170882
2026-04-25T21:04:18.576799+00:00,245507
2026-04-25T21:04:22.078924+00:00,749176
2026-04-25T21:04:25.504698+00:00,2014676
2026-04-25T21:04:28.919800+00:00,4211376
2026-04-25T21:04:32.276489+00:00,12676935
2026-04-25T21:05:22.025080+00:00,43992
2026-04-25T21:05:25.364334+00:00,39996
2026-04-25T21:05:28.789100+00:00,369993
2026-04-25T21:05:32.099999+00:00,38125441
2026-04-25T21:05:35.433553+00:00,38699999
2026-04-25T21:05:38.803823+00:00,3835000
2026-04-25T21:05:42.243186+00:00,55549
2026-04-25T21:05:45.631094+00:00,3895997
